year,quarter,state,count,amount
2024,Q3,Puducherry,2600,3968523.0
2024,Q3,Tamil Nadu,116867,162128271.0
2024,Q3,Uttar Pradesh,92930,157303596.0
2024,Q3,Madhya Pradesh,43248,77995668.0
2024,Q3,Andhra Pradesh,48014,73915199.0
2024,Q3,Tripura,2516,3323343.0
2024,Q3,Lakshadweep,49,55312.0
2024,Q3,Manipur,285,587893.0
2024,Q3,Maharashtra,119776,201319952.0
2024,Q3,Dadra & Nagar Haveli & Daman & Diu,1052,1602869.0
2024,Q3,Meghalaya,1140,2443878.0
2024,Q3,Andaman & Nicobar Islands,1191,1752800.0
2024,Q3,Haryana,49735,79198642.0
2024,Q3,Rajasthan,64533,108827800.0
2024,Q3,Ladakh,446,978637.0
2024,Q3,Punjab,15509,30111034.0
2024,Q3,Assam,17633,31388971.0
2024,Q3,Jharkhand,23629,34353146.0
2024,Q3,Odisha,26524,40608651.0
2024,Q3,Bihar,44745,62777286.0
2024,Q3,Kerala,79123,131721699.0
2024,Q3,Karnataka,174990,287393291.0
2024,Q3,Chandigarh,1991,3445738.0
2024,Q3,Telangana,64873,110715264.0
2024,Q3,Himachal Pradesh,5272,10538999.0
2024,Q3,West Bengal,77158,107451766.0
2024,Q3,Gujarat,46763,70950327.0
2024,Q3,Sikkim,461,1029398.0
2024,Q3,Nagaland,410,820539.0
2024,Q3,Mizoram,186,275746.0
2024,Q3,Chhattisgarh,16550,27724060.0
2024,Q3,Jammu & Kashmir,7597,15554635.0
2024,Q3,Goa,5354,8051690.0
2024,Q3,Arunachal Pradesh,842,1951385.0
2024,Q3,Delhi,49150,71139489.0
2024,Q3,Uttarakhand,10487,17860144.0
2024,Q4,Puducherry,2838,3896033.0
2024,Q4,Tamil Nadu,127002,173784251.0
2024,Q4,Uttar Pradesh,116589,199179867.0
2024,Q4,Madhya Pradesh,59688,101096769.0
2024,Q4,Andhra Pradesh,61425,80028914.0
2024,Q4,Tripura,2794,3765732.0
2024,Q4,Lakshadweep,159,185542.0
2024,Q4,Manipur,405,826159.0
2024,Q4,Maharashtra,168078,266942711.0
2024,Q4,Dadra & Nagar Haveli & Daman & Diu,1503,2292529.0
2024,Q4,Meghalaya,1313,2493656.0
2024,Q4,Andaman & Nicobar Islands,1293,2026380.0
2024,Q4,Haryana,58808,94316512.0
2024,Q4,Rajasthan,73530,127930986.0
2024,Q4,Ladakh,429,970334.0
2024,Q4,Punjab,16279,31878987.0
2024,Q4,Assam,21805,35336229.0
2024,Q4,Jharkhand,29079,42253614.0
2024,Q4,Odisha,33165,46973224.0
2024,Q4,Bihar,62662,83739800.0
2024,Q4,Kerala,89533,144083113.0
2024,Q4,Karnataka,183532,305861806.0
2024,Q4,Chandigarh,2095,3729932.0
2024,Q4,Telangana,78498,124755619.0
2024,Q4,Himachal Pradesh,6697,14090523.0
2024,Q4,West Bengal,91719,120602777.0
2024,Q4,Gujarat,62526,91858105.0
2024,Q4,Sikkim,599,1381680.0
2024,Q4,Nagaland,568,1168417.0
2024,Q4,Mizoram,489,811687.0
2024,Q4,Chhattisgarh,22723,37421165.0
2024,Q4,Jammu & Kashmir,8893,18252110.0
2024,Q4,Goa,6662,9903374.0
2024,Q4,Arunachal Pradesh,999,2359472.0
2024,Q4,Delhi,67962,94390728.0
2024,Q4,Uttarakhand,13090,23367549.0
2024,Q1,Puducherry,2702,3793554.0
2024,Q1,Tamil Nadu,111521,148976175.0
2024,Q1,Uttar Pradesh,103701,176442664.0
2024,Q1,Madhya Pradesh,51223,85215982.0
2024,Q1,Andhra Pradesh,46582,63563802.0
2024,Q1,Tripura,2637,3417568.0
2024,Q1,Lakshadweep,15,12935.0
2024,Q1,Manipur,385,685052.0
2024,Q1,Maharashtra,149016,224725389.0
2024,Q1,Dadra & Nagar Haveli & Daman & Diu,1295,1908509.0
2024,Q1,Meghalaya,1030,1987107.0
2024,Q1,Andaman & Nicobar Islands,1371,1964556.0
2024,Q1,Haryana,50391,81816509.0
2024,Q1,Rajasthan,59127,102926410.0
2024,Q1,Ladakh,291,614435.0
2024,Q1,Punjab,14729,28213940.0
2024,Q1,Assam,33097,48107248.0
2024,Q1,Jharkhand,24824,34332990.0
2024,Q1,Odisha,27977,40032495.0
2024,Q1,Bihar,51592,63844442.0
2024,Q1,Kerala,73106,115101791.0
2024,Q1,Karnataka,169357,264708700.0
2024,Q1,Chandigarh,1730,3143984.0
2024,Q1,Telangana,67388,105607539.0
2024,Q1,Himachal Pradesh,5430,10433254.0
2024,Q1,West Bengal,79576,104987909.0
2024,Q1,Gujarat,44665,62633910.0
2024,Q1,Sikkim,400,880182.0
2024,Q1,Nagaland,526,925684.0
2024,Q1,Mizoram,277,427693.0
2024,Q1,Chhattisgarh,19579,30083259.0
2024,Q1,Jammu & Kashmir,7313,14695182.0
2024,Q1,Goa,5225,7528093.0
2024,Q1,Arunachal Pradesh,1100,2419700.0
2024,Q1,Delhi,53050,76232346.0
2024,Q1,Uttarakhand,11533,19531483.0
2024,Q2,Puducherry,2304,3322997.0
2024,Q2,Tamil Nadu,97348,135972378.0
2024,Q2,Uttar Pradesh,92458,159894258.0
2024,Q2,Madhya Pradesh,41429,73836667.0
2024,Q2,Andhra Pradesh,42547,62948281.0
2024,Q2,Tripura,2188,2869489.0
2024,Q2,Lakshadweep,26,33630.0
2024,Q2,Manipur,346,647411.0
2024,Q2,Maharashtra,118933,198945046.0
2024,Q2,Dadra & Nagar Haveli & Daman & Diu,1008,1367259.0
2024,Q2,Meghalaya,1235,2318007.0
2024,Q2,Andaman & Nicobar Islands,1097,1744694.0
2024,Q2,Haryana,46085,74779879.0
2024,Q2,Rajasthan,55241,95504657.0
2024,Q2,Ladakh,415,964349.0
2024,Q2,Punjab,14129,27164397.0
2024,Q2,Assam,22368,34796603.0
2024,Q2,Jharkhand,22224,32245129.0
2024,Q2,Odisha,24579,36840474.0
2024,Q2,Bihar,49101,65285065.0
2024,Q2,Kerala,65271,108142369.0
2024,Q2,Karnataka,142599,239304982.0
2024,Q2,Chandigarh,1798,3177315.0
2024,Q2,Telangana,56941,96037304.0
2024,Q2,Himachal Pradesh,5194,10008705.0
2024,Q2,West Bengal,67048,89476633.0
2024,Q2,Gujarat,44007,63866463.0
2024,Q2,Sikkim,685,1590554.0
2024,Q2,Nagaland,418,685292.0
2024,Q2,Mizoram,214,331455.0
2024,Q2,Chhattisgarh,15724,25935743.0
2024,Q2,Jammu & Kashmir,7397,14237707.0
2024,Q2,Goa,5021,7178558.0
2024,Q2,Arunachal Pradesh,1147,2353015.0
2024,Q2,Delhi,46189,68046072.0
2024,Q2,Uttarakhand,10311,17754447.0
2023,Q2,Puducherry,1809,2614006.0
2023,Q2,Tamil Nadu,79698,105328191.0
2023,Q2,Uttar Pradesh,74194,122522457.0
2023,Q2,Madhya Pradesh,27027,44871764.0
2023,Q2,Andhra Pradesh,36376,52067478.0
2023,Q2,Tripura,1563,2163813.0
2023,Q2,Lakshadweep,15,38384.0
2023,Q2,Manipur,123,341671.0
2023,Q2,Maharashtra,102754,157303399.0
2023,Q2,Dadra & Nagar Haveli & Daman & Diu,694,1058753.0
2023,Q2,Meghalaya,730,1551577.0
2023,Q2,Andaman & Nicobar Islands,768,1233395.0
2023,Q2,Haryana,40710,62186066.0
2023,Q2,Rajasthan,37170,61301449.0
2023,Q2,Ladakh,215,635831.0
2023,Q2,Punjab,13187,24998175.0
2023,Q2,Assam,16475,28368139.0
2023,Q2,Jharkhand,16662,23216215.0
2023,Q2,Odisha,22163,31307110.0
2023,Q2,Bihar,29212,40354886.0
2023,Q2,Kerala,61032,100620604.0
2023,Q2,Karnataka,117232,175704013.0
2023,Q2,Chandigarh,1704,2501107.0
2023,Q2,Telangana,55118,79238968.0
2023,Q2,Himachal Pradesh,4197,8499425.0
2023,Q2,West Bengal,49792,65204280.0
2023,Q2,Gujarat,32484,46254095.0
2023,Q2,Sikkim,270,628191.0
2023,Q2,Nagaland,269,628890.0
2023,Q2,Mizoram,119,232928.0
2023,Q2,Chhattisgarh,10514,16389610.0
2023,Q2,Jammu & Kashmir,5262,10974839.0
2023,Q2,Goa,4166,5930801.0
2023,Q2,Arunachal Pradesh,696,2095988.0
2023,Q2,Delhi,41358,54951108.0
2023,Q2,Uttarakhand,8051,14034915.0
2023,Q4,Puducherry,2447,3419395.0
2023,Q4,Tamil Nadu,104871,139433796.0
2023,Q4,Uttar Pradesh,92125,165509877.0
2023,Q4,Madhya Pradesh,40784,73801070.0
2023,Q4,Andhra Pradesh,41798,62342423.0
2023,Q4,Tripura,2237,3169741.0
2023,Q4,Lakshadweep,53,78346.0
2023,Q4,Manipur,225,476626.0
2023,Q4,Maharashtra,136968,217657114.0
2023,Q4,Dadra & Nagar Haveli & Daman & Diu,1207,1973867.0
2023,Q4,Meghalaya,806,1843364.0
2023,Q4,Andaman & Nicobar Islands,1145,1757821.0
2023,Q4,Haryana,47506,80747159.0
2023,Q4,Rajasthan,49741,94701652.0
2023,Q4,Ladakh,242,718967.0
2023,Q4,Punjab,13777,28715828.0
2023,Q4,Assam,23168,38731734.0
2023,Q4,Jharkhand,22398,33484644.0
2023,Q4,Odisha,25065,39753392.0
2023,Q4,Bihar,41447,57624322.0
2023,Q4,Kerala,73543,121905046.0
2023,Q4,Karnataka,156076,248056311.0
2023,Q4,Chandigarh,1767,3053934.0
2023,Q4,Telangana,63993,105605522.0
2023,Q4,Himachal Pradesh,5211,11898824.0
2023,Q4,West Bengal,72712,100365562.0
2023,Q4,Gujarat,41128,66735446.0
2023,Q4,Sikkim,324,793745.0
2023,Q4,Nagaland,331,822973.0
2023,Q4,Mizoram,312,557950.0
2023,Q4,Chhattisgarh,17300,29704673.0
2023,Q4,Jammu & Kashmir,6264,13932309.0
2023,Q4,Goa,4883,7411001.0
2023,Q4,Arunachal Pradesh,809,2105408.0
2023,Q4,Delhi,56336,77332401.0
2023,Q4,Uttarakhand,10040,19045152.0
2023,Q1,Puducherry,1955,2593091.0
2023,Q1,Tamil Nadu,90690,116710222.0
2023,Q1,Uttar Pradesh,73080,127110494.0
2023,Q1,Madhya Pradesh,26393,45135679.0
2023,Q1,Andhra Pradesh,34920,51963355.0
2023,Q1,Tripura,1642,2404958.0
2023,Q1,Lakshadweep,26,30199.0
2023,Q1,Manipur,222,632084.0
2023,Q1,Maharashtra,112174,166596248.0
2023,Q1,Dadra & Nagar Haveli & Daman & Diu,799,1215168.0
2023,Q1,Meghalaya,562,1187523.0
2023,Q1,Andaman & Nicobar Islands,1004,1439198.0
2023,Q1,Haryana,37287,61127194.0
2023,Q1,Rajasthan,34415,61441050.0
2023,Q1,Ladakh,161,495736.0
2023,Q1,Punjab,10816,23330966.0
2023,Q1,Assam,22100,36963888.0
2023,Q1,Jharkhand,16108,23823406.0
2023,Q1,Odisha,18899,29360555.0
2023,Q1,Bihar,26929,38746711.0
2023,Q1,Kerala,62377,101786828.0
2023,Q1,Karnataka,127376,186543426.0
2023,Q1,Chandigarh,1520,2415574.0
2023,Q1,Telangana,54508,82678207.0
2023,Q1,Himachal Pradesh,3909,7826133.0
2023,Q1,West Bengal,56833,77461732.0
2023,Q1,Gujarat,32600,46937694.0
2023,Q1,Sikkim,260,688605.0
2023,Q1,Nagaland,320,704957.0
2023,Q1,Mizoram,171,326688.0
2023,Q1,Chhattisgarh,10460,16577191.0
2023,Q1,Jammu & Kashmir,4555,10275877.0
2023,Q1,Goa,4097,5859549.0
2023,Q1,Arunachal Pradesh,606,1747475.0
2023,Q1,Delhi,45821,61040038.0
2023,Q1,Uttarakhand,7552,13599026.0
2023,Q3,Puducherry,2232,2891647.0
2023,Q3,Tamil Nadu,91069,114625593.0
2023,Q3,Uttar Pradesh,78940,121483170.0
2023,Q3,Madhya Pradesh,29300,46963348.0
2023,Q3,Andhra Pradesh,43150,57802396.0
2023,Q3,Tripura,2071,2899393.0
2023,Q3,Lakshadweep,12,12407.0
2023,Q3,Manipur,76,193021.0
2023,Q3,Maharashtra,104872,151171882.0
2023,Q3,Dadra & Nagar Haveli & Daman & Diu,969,1333103.0
2023,Q3,Meghalaya,809,1728076.0
2023,Q3,Andaman & Nicobar Islands,795,1251145.0
2023,Q3,Haryana,42815,61782311.0
2023,Q3,Rajasthan,39960,64328784.0
2023,Q3,Ladakh,232,649027.0
2023,Q3,Punjab,14048,24461488.0
2023,Q3,Assam,22593,35618158.0
2023,Q3,Jharkhand,19478,25165702.0
2023,Q3,Odisha,20263,29008350.0
2023,Q3,Bihar,36550,45832355.0
2023,Q3,Kerala,66059,110021582.0
2023,Q3,Karnataka,139699,199448538.0
2023,Q3,Chandigarh,1883,2660630.0
2023,Q3,Telangana,61523,84397465.0
2023,Q3,Himachal Pradesh,3935,7869767.0
2023,Q3,West Bengal,58131,76359312.0
2023,Q3,Gujarat,51049,65768085.0
2023,Q3,Sikkim,251,698251.0
2023,Q3,Nagaland,268,632287.0
2023,Q3,Mizoram,166,271799.0
2023,Q3,Chhattisgarh,11927,17838382.0
2023,Q3,Jammu & Kashmir,5453,10975874.0
2023,Q3,Goa,3927,5646054.0
2023,Q3,Arunachal Pradesh,718,1904786.0
2023,Q3,Delhi,47113,58878500.0
2023,Q3,Uttarakhand,7856,12636749.0
2022,Q4,Puducherry,2331,2693130.0
2022,Q4,Tamil Nadu,125491,146457790.0
2022,Q4,Uttar Pradesh,77022,116755813.0
2022,Q4,Madhya Pradesh,29234,42712883.0
2022,Q4,Andhra Pradesh,44329,58043239.0
2022,Q4,Tripura,1508,2112534.0
2022,Q4,Lakshadweep,15,27135.0
2022,Q4,Manipur,271,620655.0
2022,Q4,Maharashtra,125900,174915648.0
2022,Q4,Dadra & Nagar Haveli & Daman & Diu,871,1272628.0
2022,Q4,Meghalaya,627,1189529.0
2022,Q4,Andaman & Nicobar Islands,901,1441210.0
2022,Q4,Haryana,37971,56627115.0
2022,Q4,Rajasthan,40926,60792838.0
2022,Q4,Ladakh,162,410091.0
2022,Q4,Punjab,12187,21727831.0
2022,Q4,Assam,18826,29239168.0
2022,Q4,Jharkhand,16779,23147805.0
2022,Q4,Odisha,24538,33565401.0
2022,Q4,Bihar,33895,43914519.0
2022,Q4,Kerala,65563,103982997.0
2022,Q4,Karnataka,133971,185063287.0
2022,Q4,Chandigarh,1403,2024528.0
2022,Q4,Telangana,64655,88544127.0
2022,Q4,Himachal Pradesh,4565,9060436.0
2022,Q4,West Bengal,54277,70466433.0
2022,Q4,Gujarat,36418,50629325.0
2022,Q4,Sikkim,306,667214.0
2022,Q4,Nagaland,367,700864.0
2022,Q4,Mizoram,350,612551.0
2022,Q4,Chhattisgarh,11994,18137856.0
2022,Q4,Jammu & Kashmir,5031,10111183.0
2022,Q4,Goa,4388,6190669.0
2022,Q4,Arunachal Pradesh,613,1464572.0
2022,Q4,Delhi,48908,60603173.0
2022,Q4,Uttarakhand,8750,13817747.0
2022,Q2,Puducherry,1156,1597786.0
2022,Q2,Tamil Nadu,46714,61835120.0
2022,Q2,Uttar Pradesh,55133,77434953.0
2022,Q2,Madhya Pradesh,14629,20159098.0
2022,Q2,Andhra Pradesh,32185,41708072.0
2022,Q2,Tripura,1021,1509105.0
2022,Q2,Lakshadweep,18,27463.0
2022,Q2,Manipur,218,553649.0
2022,Q2,Maharashtra,80935,104603934.0
2022,Q2,Dadra & Nagar Haveli & Daman & Diu,438,686857.0
2022,Q2,Meghalaya,379,789094.0
2022,Q2,Andaman & Nicobar Islands,501,779740.0
2022,Q2,Haryana,25352,33759068.0
2022,Q2,Rajasthan,24333,33748931.0
2022,Q2,Ladakh,113,269446.0
2022,Q2,Punjab,9175,15465367.0
2022,Q2,Assam,9228,15357811.0
2022,Q2,Jharkhand,9477,13464840.0
2022,Q2,Odisha,12371,16631095.0
2022,Q2,Bihar,21892,28212833.0
2022,Q2,Kerala,35667,59920203.0
2022,Q2,Karnataka,93385,123228632.0
2022,Q2,Chandigarh,1330,1874959.0
2022,Q2,Telangana,45600,58056956.0
2022,Q2,Himachal Pradesh,2831,5371078.0
2022,Q2,West Bengal,33542,41737021.0
2022,Q2,Gujarat,25381,32090965.0
2022,Q2,Sikkim,160,383709.0
2022,Q2,Nagaland,186,380878.0
2022,Q2,Mizoram,76,115090.0
2022,Q2,Chhattisgarh,7008,10119964.0
2022,Q2,Jammu & Kashmir,4071,7729792.0
2022,Q2,Goa,3524,5093510.0
2022,Q2,Arunachal Pradesh,564,1360231.0
2022,Q2,Delhi,26378,31787281.0
2022,Q2,Uttarakhand,5773,9168313.0
2022,Q1,Puducherry,1199,1663404.0
2022,Q1,Tamil Nadu,47621,64969045.0
2022,Q1,Uttar Pradesh,45996,73014969.0
2022,Q1,Madhya Pradesh,13791,19901462.0
2022,Q1,Andhra Pradesh,29954,42648157.0
2022,Q1,Tripura,907,1493401.0
2022,Q1,Lakshadweep,27,34664.0
2022,Q1,Manipur,177,517854.0
2022,Q1,Maharashtra,88015,117411928.0
2022,Q1,Dadra & Nagar Haveli & Daman & Diu,493,720741.0
2022,Q1,Meghalaya,337,729211.0
2022,Q1,Andaman & Nicobar Islands,768,1131287.0
2022,Q1,Haryana,22783,32526943.0
2022,Q1,Rajasthan,21517,31576932.0
2022,Q1,Ladakh,75,193935.0
2022,Q1,Punjab,7475,13155682.0
2022,Q1,Assam,16230,27447766.0
2022,Q1,Jharkhand,9373,13819466.0
2022,Q1,Odisha,9627,14539309.0
2022,Q1,Bihar,20253,27755736.0
2022,Q1,Kerala,37110,64172190.0
2022,Q1,Karnataka,95640,130733580.0
2022,Q1,Chandigarh,792,1150932.0
2022,Q1,Telangana,36325,51942016.0
2022,Q1,Himachal Pradesh,2768,5234739.0
2022,Q1,West Bengal,38779,51160527.0
2022,Q1,Gujarat,22221,29953433.0
2022,Q1,Sikkim,239,685987.0
2022,Q1,Nagaland,242,529223.0
2022,Q1,Mizoram,85,189428.0
2022,Q1,Chhattisgarh,6612,10139190.0
2022,Q1,Jammu & Kashmir,3584,7244267.0
2022,Q1,Goa,2634,3865245.0
2022,Q1,Arunachal Pradesh,355,894107.0
2022,Q1,Delhi,28232,35442069.0
2022,Q1,Uttarakhand,5339,8824948.0
2022,Q3,Puducherry,1585,2025529.0
2022,Q3,Tamil Nadu,64356,79747520.0
2022,Q3,Uttar Pradesh,64514,87703512.0
2022,Q3,Madhya Pradesh,22733,29185118.0
2022,Q3,Andhra Pradesh,39301,48791931.0
2022,Q3,Tripura,1590,2105984.0
2022,Q3,Lakshadweep,38,41504.0
2022,Q3,Manipur,200,403213.0
2022,Q3,Maharashtra,90958,113835208.0
2022,Q3,Dadra & Nagar Haveli & Daman & Diu,707,983776.0
2022,Q3,Meghalaya,600,1039491.0
2022,Q3,Andaman & Nicobar Islands,643,902466.0
2022,Q3,Haryana,35346,45402800.0
2022,Q3,Rajasthan,33975,45565544.0
2022,Q3,Ladakh,137,369742.0
2022,Q3,Punjab,12370,19381895.0
2022,Q3,Assam,14149,22543564.0
2022,Q3,Jharkhand,14388,18156857.0
2022,Q3,Odisha,18898,23308531.0
2022,Q3,Bihar,28511,34704251.0
2022,Q3,Kerala,54587,85390924.0
2022,Q3,Karnataka,110273,144605784.0
2022,Q3,Chandigarh,1533,1998439.0
2022,Q3,Telangana,51465,64798126.0
2022,Q3,Himachal Pradesh,3641,6161692.0
2022,Q3,West Bengal,47853,59092307.0
2022,Q3,Gujarat,31302,37557227.0
2022,Q3,Sikkim,243,474940.0
2022,Q3,Nagaland,210,439669.0
2022,Q3,Mizoram,310,471306.0
2022,Q3,Chhattisgarh,8849,12119470.0
2022,Q3,Jammu & Kashmir,4794,8281826.0
2022,Q3,Goa,3157,4142108.0
2022,Q3,Arunachal Pradesh,510,1300304.0
2022,Q3,Delhi,35944,41570160.0
2022,Q3,Uttarakhand,6784,10070172.0
2020,Q2,Puducherry,112,22251.0
2020,Q2,Tamil Nadu,5473,1075552.0
2020,Q2,Uttar Pradesh,9884,1912266.0
2020,Q2,Madhya Pradesh,6283,1198701.0
2020,Q2,Andhra Pradesh,22104,3982391.0
2020,Q2,Tripura,88,22054.0
2020,Q2,Manipur,55,12554.0
2020,Q2,Maharashtra,39836,6879717.0
2020,Q2,Dadra & Nagar Haveli & Daman & Diu,651,101029.0
2020,Q2,Meghalaya,41,8829.0
2020,Q2,Andaman & Nicobar Islands,6,1360.0
2020,Q2,Haryana,6321,1179814.0
2020,Q2,Rajasthan,5373,1095933.0
2020,Q2,Ladakh,14,2538.0
2020,Q2,Punjab,2036,399452.0
2020,Q2,Assam,978,210034.0
2020,Q2,Jharkhand,2063,405031.0
2020,Q2,Odisha,2981,615193.0
2020,Q2,Bihar,2816,595621.0
2020,Q2,Kerala,1588,360216.0
2020,Q2,Karnataka,27358,4794150.0
2020,Q2,Chandigarh,149,29537.0
2020,Q2,Telangana,19003,3419453.0
2020,Q2,Himachal Pradesh,392,77936.0
2020,Q2,West Bengal,7619,1432764.0
2020,Q2,Gujarat,7697,1430591.0
2020,Q2,Sikkim,21,4789.0
2020,Q2,Nagaland,41,9791.0
2020,Q2,Mizoram,31,7322.0
2020,Q2,Chhattisgarh,1346,279005.0
2020,Q2,Jammu & Kashmir,206,48484.0
2020,Q2,Goa,341,71100.0
2020,Q2,Arunachal Pradesh,65,14329.0
2020,Q2,Delhi,11716,1897480.0
2020,Q2,Uttarakhand,660,134899.0
2020,Q3,Puducherry,191,58399.0
2020,Q3,Tamil Nadu,8026,2257373.0
2020,Q3,Uttar Pradesh,18131,4436969.0
2020,Q3,Madhya Pradesh,14476,3496126.0
2020,Q3,Andhra Pradesh,49812,12426481.0
2020,Q3,Tripura,249,61642.0
2020,Q3,Lakshadweep,4,1199.0
2020,Q3,Manipur,134,45164.0
2020,Q3,Maharashtra,71662,19230156.0
2020,Q3,Dadra & Nagar Haveli & Daman & Diu,257,65504.0
2020,Q3,Meghalaya,112,33615.0
2020,Q3,Andaman & Nicobar Islands,41,15380.0
2020,Q3,Haryana,7139,1884868.0
2020,Q3,Rajasthan,15235,3758527.0
2020,Q3,Ladakh,33,10260.0
2020,Q3,Punjab,2488,684753.0
2020,Q3,Assam,2206,599450.0
2020,Q3,Jharkhand,5368,1349934.0
2020,Q3,Odisha,10955,2640191.0
2020,Q3,Bihar,9733,2161102.0
2020,Q3,Kerala,8811,2830361.0
2020,Q3,Karnataka,53701,12407394.0
2020,Q3,Chandigarh,264,70969.0
2020,Q3,Telangana,34395,8406543.0
2020,Q3,Himachal Pradesh,531,165559.0
2020,Q3,West Bengal,12596,2878482.0
2020,Q3,Gujarat,12525,3335812.0
2020,Q3,Sikkim,94,28000.0
2020,Q3,Nagaland,89,20798.0
2020,Q3,Mizoram,74,24691.0
2020,Q3,Chhattisgarh,4702,1393656.0
2020,Q3,Jammu & Kashmir,441,133339.0
2020,Q3,Goa,683,196864.0
2020,Q3,Arunachal Pradesh,135,39687.0
2020,Q3,Delhi,7588,1927285.0
2020,Q3,Uttarakhand,1403,418543.0
2020,Q4,Puducherry,234,197955.0
2020,Q4,Tamil Nadu,10290,8993575.0
2020,Q4,Uttar Pradesh,17470,14180417.0
2020,Q4,Madhya Pradesh,10653,4897124.0
2020,Q4,Andhra Pradesh,21464,12985632.0
2020,Q4,Tripura,244,149765.0
2020,Q4,Manipur,90,49057.0
2020,Q4,Maharashtra,44798,27113814.0
2020,Q4,Dadra & Nagar Haveli & Daman & Diu,232,149513.0
2020,Q4,Meghalaya,92,71029.0
2020,Q4,Andaman & Nicobar Islands,124,157975.0
2020,Q4,Haryana,8283,5974278.0
2020,Q4,Rajasthan,12509,6471573.0
2020,Q4,Ladakh,27,34206.0
2020,Q4,Punjab,2451,1884291.0
2020,Q4,Assam,2413,1806801.0
2020,Q4,Jharkhand,3659,2857024.0
2020,Q4,Odisha,7526,4208701.0
2020,Q4,Bihar,9913,7860932.0
2020,Q4,Kerala,5479,4445525.0
2020,Q4,Karnataka,31747,26814968.0
2020,Q4,Chandigarh,200,153341.0
2020,Q4,Telangana,20961,11339099.0
2020,Q4,Himachal Pradesh,710,630966.0
2020,Q4,West Bengal,10233,7510455.0
2020,Q4,Gujarat,9990,6055037.0
2020,Q4,Sikkim,67,70214.0
2020,Q4,Nagaland,62,38836.0
2020,Q4,Mizoram,81,119124.0
2020,Q4,Chhattisgarh,3757,2249901.0
2020,Q4,Jammu & Kashmir,647,734861.0
2020,Q4,Goa,614,682364.0
2020,Q4,Arunachal Pradesh,125,84247.0
2020,Q4,Delhi,9725,8045442.0
2020,Q4,Uttarakhand,1756,1961891.0
2021,Q1,Puducherry,372,351827.0
2021,Q1,Tamil Nadu,14406,11180849.0
2021,Q1,Uttar Pradesh,24103,18027573.0
2021,Q1,Madhya Pradesh,14427,5567927.0
2021,Q1,Andhra Pradesh,22105,12749874.0
2021,Q1,Tripura,360,191531.0
2021,Q1,Lakshadweep,4,5225.0
2021,Q1,Manipur,136,72254.0
2021,Q1,Maharashtra,55792,33137753.0
2021,Q1,Dadra & Nagar Haveli & Daman & Diu,467,285691.0
2021,Q1,Meghalaya,107,128776.0
2021,Q1,Andaman & Nicobar Islands,225,244266.0
2021,Q1,Haryana,11038,7297880.0
2021,Q1,Rajasthan,17800,8074225.0
2021,Q1,Ladakh,32,34530.0
2021,Q1,Punjab,3783,2558380.0
2021,Q1,Assam,3167,2334419.0
2021,Q1,Jharkhand,4879,3274851.0
2021,Q1,Odisha,8236,4383330.0
2021,Q1,Bihar,12554,8796619.0
2021,Q1,Kerala,5731,5040506.0
2021,Q1,Karnataka,37595,30183325.0
2021,Q1,Chandigarh,338,238576.0
2021,Q1,Telangana,28298,14810947.0
2021,Q1,Himachal Pradesh,1064,906492.0
2021,Q1,West Bengal,15488,11172042.0
2021,Q1,Gujarat,12673,7288104.0
2021,Q1,Sikkim,122,111777.0
2021,Q1,Nagaland,79,42973.0
2021,Q1,Mizoram,415,302841.0
2021,Q1,Chhattisgarh,4712,2620468.0
2021,Q1,Jammu & Kashmir,1105,1546288.0
2021,Q1,Goa,879,827384.0
2021,Q1,Arunachal Pradesh,194,131611.0
2021,Q1,Delhi,12822,9655261.0
2021,Q1,Uttarakhand,2607,2719327.0
2021,Q3,Puducherry,561,556442.0
2021,Q3,Tamil Nadu,23107,23402918.0
2021,Q3,Uttar Pradesh,32799,32641118.0
2021,Q3,Madhya Pradesh,11990,7806258.0
2021,Q3,Andhra Pradesh,23075,19914338.0
2021,Q3,Tripura,494,649961.0
2021,Q3,Lakshadweep,19,16034.0
2021,Q3,Manipur,111,133016.0
2021,Q3,Maharashtra,52268,41313307.0
2021,Q3,Dadra & Nagar Haveli & Daman & Diu,360,273596.0
2021,Q3,Meghalaya,139,214554.0
2021,Q3,Andaman & Nicobar Islands,230,305235.0
2021,Q3,Haryana,14163,13215898.0
2021,Q3,Rajasthan,16643,12793862.0
2021,Q3,Ladakh,192,174052.0
2021,Q3,Punjab,4887,5271559.0
2021,Q3,Assam,4495,6010865.0
2021,Q3,Jharkhand,6794,7046048.0
2021,Q3,Odisha,7967,6008686.0
2021,Q3,Bihar,18030,18234941.0
2021,Q3,Kerala,10926,13255646.0
2021,Q3,Karnataka,47468,48078366.0
2021,Q3,Chandigarh,494,469634.0
2021,Q3,Telangana,27080,20925217.0
2021,Q3,Himachal Pradesh,1759,2444545.0
2021,Q3,West Bengal,24839,21424337.0
2021,Q3,Gujarat,15348,12341903.0
2021,Q3,Sikkim,106,140552.0
2021,Q3,Nagaland,91,123643.0
2021,Q3,Mizoram,81,83641.0
2021,Q3,Chhattisgarh,4676,3568837.0
2021,Q3,Jammu & Kashmir,1452,2139133.0
2021,Q3,Goa,1214,1385986.0
2021,Q3,Arunachal Pradesh,212,371051.0
2021,Q3,Delhi,16679,15007079.0
2021,Q3,Uttarakhand,4111,4646571.0
2021,Q2,Puducherry,526,508277.0
2021,Q2,Tamil Nadu,17682,16444344.0
2021,Q2,Uttar Pradesh,25952,25137571.0
2021,Q2,Madhya Pradesh,14803,9787391.0
2021,Q2,Andhra Pradesh,33205,22730687.0
2021,Q2,Tripura,381,409934.0
2021,Q2,Lakshadweep,5,6962.0
2021,Q2,Manipur,127,81332.0
2021,Q2,Maharashtra,70381,46763103.0
2021,Q2,Dadra & Nagar Haveli & Daman & Diu,368,275638.0
2021,Q2,Meghalaya,139,148434.0
2021,Q2,Andaman & Nicobar Islands,137,181504.0
2021,Q2,Haryana,12516,11272453.0
2021,Q2,Rajasthan,18281,14357445.0
2021,Q2,Ladakh,46,86251.0
2021,Q2,Punjab,4047,3768919.0
2021,Q2,Assam,3265,3008122.0
2021,Q2,Jharkhand,5180,5084230.0
2021,Q2,Odisha,7942,5832924.0
2021,Q2,Bihar,14301,13301581.0
2021,Q2,Kerala,9530,9676588.0
2021,Q2,Karnataka,40969,39501006.0
2021,Q2,Chandigarh,378,310943.0
2021,Q2,Telangana,28870,20935651.0
2021,Q2,Himachal Pradesh,1210,1402338.0
2021,Q2,West Bengal,15200,12396029.0
2021,Q2,Gujarat,14676,10263998.0
2021,Q2,Sikkim,93,122064.0
2021,Q2,Nagaland,85,139479.0
2021,Q2,Mizoram,187,124805.0
2021,Q2,Chhattisgarh,5055,3813417.0
2021,Q2,Jammu & Kashmir,1197,1832089.0
2021,Q2,Goa,1016,1028339.0
2021,Q2,Arunachal Pradesh,204,224928.0
2021,Q2,Delhi,13292,10840929.0
2021,Q2,Uttarakhand,2742,3265717.0
2021,Q4,Puducherry,786,946607.0
2021,Q4,Tamil Nadu,33037,42184290.0
2021,Q4,Uttar Pradesh,44132,59654951.0
2021,Q4,Madhya Pradesh,15069,17524432.0
2021,Q4,Andhra Pradesh,25423,31610335.0
2021,Q4,Tripura,702,1022508.0
2021,Q4,Lakshadweep,11,17096.0
2021,Q4,Manipur,145,271789.0
2021,Q4,Maharashtra,82423,93262227.0
2021,Q4,Dadra & Nagar Haveli & Daman & Diu,421,425384.0
2021,Q4,Meghalaya,263,451612.0
2021,Q4,Andaman & Nicobar Islands,757,1056380.0
2021,Q4,Haryana,19489,25885838.0
2021,Q4,Rajasthan,19375,24455262.0
2021,Q4,Ladakh,76,195966.0
2021,Q4,Punjab,6638,9912828.0
2021,Q4,Assam,8622,13962068.0
2021,Q4,Jharkhand,8465,11190423.0
2021,Q4,Odisha,9093,10941626.0
2021,Q4,Bihar,22456,27313813.0
2021,Q4,Kerala,19199,31260319.0
2021,Q4,Karnataka,74436,90723288.0
2021,Q4,Chandigarh,710,835813.0
2021,Q4,Telangana,34848,38845492.0
2021,Q4,Himachal Pradesh,2474,4667661.0
2021,Q4,West Bengal,26320,31282871.0
2021,Q4,Gujarat,19142,23282921.0
2021,Q4,Sikkim,195,503532.0
2021,Q4,Nagaland,183,341424.0
2021,Q4,Mizoram,100,175847.0
2021,Q4,Chhattisgarh,6029,8229039.0
2021,Q4,Jammu & Kashmir,3113,5223317.0
2021,Q4,Goa,2087,2737316.0
2021,Q4,Arunachal Pradesh,320,598459.0
2021,Q4,Delhi,34251,36578331.0
2021,Q4,Uttarakhand,5529,7849020.0
